{"true_labels": [2, 1, 6, 1, 4, 4, 1, 1, 1, 3, 0, 5, 6, 6, 6, 6, 4, 6, 6, 1, 6, 6, 0, 2, 1, 4, 2, 4, 2, 1, 6, 6, 5, 2, 3, 2, 3, 6, 1, 1, 4, 3, 4, 6, 4, 0, 2, 5, 1, 1, 3, 4, 0, 2, 6, 4, 2, 6, 6, 5, 4, 6, 3, 6, 6, 2, 0, 3, 6, 3, 3, 4, 4, 5, 3, 6, 2, 4, 6, 5, 0, 4, 2, 1, 0, 2, 4, 1, 2, 6, 2, 4, 1, 6, 1, 6, 6, 6, 4, 6, 4, 1, 3, 2, 0, 2, 2, 4, 6, 6, 3], "pred_scores": [[3.903294418705627e-05, 0.0014319001929834485, 0.9971557855606079, 0.0003688629949465394, 8.392376912524924e-05, 0.0007314448594115674, 0.0001891525462269783], [0.0003124761569779366, 0.9981216788291931, 0.00011517434904817492, 0.00015026336768642068, 8.365051326109096e-05, 0.000405775906983763, 0.0008110427297651768], [0.0054703690111637115, 0.00027293749735690653, 0.0014284845674410462, 0.00018044748867396265, 0.00656709773465991, 0.00028892376576550305, 0.9857916831970215], [1.8704417016124353e-05, 0.9998296499252319, 1.3422552910924423e-05, 3.1045149171404773e-06, 8.488169669362833e-07, 0.00012796078226529062, 6.203345037647523e-06], [1.1128572623420041e-05, 2.3191036291336786e-07, 7.223804345812823e-07, 4.810400241694879e-06, 0.9993676543235779, 2.680301918189798e-07, 0.0006152483983896673], [0.00010376884893048555, 2.523390776332235e-06, 6.27739882474998e-06, 3.4713357308646664e-05, 0.9998034834861755, 2.7723781386157498e-06, 4.636813173419796e-05], [0.00010442730854265392, 0.9996125102043152, 3.0005678127054125e-05, 0.00010755616676760837, 1.702173540252261e-05, 7.892524445196614e-05, 4.953067036694847e-05], [0.006288081407546997, 0.8927940130233765, 0.012426984496414661, 0.020476654171943665, 0.0027616850566118956, 0.06309787929058075, 0.0021545656491070986], [0.0001695732498774305, 0.9988549947738647, 7.896733586676419e-05, 4.281922156224027e-05, 3.3608885132707655e-06, 0.0007993921753950417, 5.0957529310835525e-05], [8.151506335707381e-05, 3.476984056760557e-05, 7.556668424513191e-05, 0.9992179870605469, 9.639508789405227e-05, 3.526411092025228e-05, 0.000458449445432052], [0.9035768508911133, 0.0023773827124387026, 0.0052874148823320866, 0.020996717736124992, 0.041673045605421066, 0.00971203576773405, 0.01637662574648857], [0.002772949170321226, 0.007111098617315292, 0.00026953720953315496, 0.0004013253783341497, 0.0003509719972498715, 0.9887873530387878, 0.0003066810022573918], [0.0047898488119244576, 0.004047226160764694, 0.003918761853128672, 0.0016829222440719604, 0.0004778006987180561, 0.001893352484330535, 0.9831900596618652], [1.245393377757864e-05, 4.9902180762728676e-05, 0.02895643189549446, 2.055965524050407e-05, 2.7877311367774382e-05, 3.0413524655159563e-05, 0.9709023833274841], [0.0008398243226110935, 0.0015383621212095022, 9.637296170694754e-05, 3.6737386835739017e-05, 0.0002532726794015616, 8.938698738347739e-05, 0.99714595079422], [0.001611436833627522, 4.716096736956388e-05, 0.00014685899077448994, 0.00014003229443915188, 0.012015489861369133, 4.990192246623337e-05, 0.9859892129898071], [0.12326128035783768, 0.001738961786031723, 0.002172104548662901, 0.007515310309827328, 0.8583347797393799, 0.0035753322299569845, 0.003402272704988718], [0.000426470855018124, 0.0001312674576183781, 0.0032162510324269533, 0.00021609471878036857, 0.26104670763015747, 3.512264447635971e-05, 0.7349280714988708], [0.0065074884332716465, 0.05588945746421814, 0.0014806838007643819, 0.0002240633184555918, 0.0003899956645909697, 0.0031010275706648827, 0.9324072599411011], [0.00014520788681693375, 0.9991753697395325, 8.949064977059606e-06, 9.888834938465152e-06, 7.310261480597546e-07, 0.0006126640946604311, 4.712092413683422e-05], [0.003221610328182578, 0.0012345691211521626, 0.00011522663407959044, 5.577322735916823e-05, 0.0016018495662137866, 0.01969360001385212, 0.9740773439407349], [6.673250027233735e-05, 2.5544270556565607e-06, 7.511927719860978e-07, 1.9238348158978624e-06, 0.004829512909054756, 6.902792506480182e-07, 0.995097815990448], [0.9997938275337219, 6.339294486679137e-05, 5.8638202062866185e-06, 1.1054433343815617e-05, 4.422258280101232e-05, 1.8788183297147043e-05, 6.294456397881731e-05], [5.230601800576551e-06, 2.04575335374102e-05, 0.9930167198181152, 9.326828148914501e-05, 6.447847226809245e-06, 3.4927422802866204e-06, 0.006854337174445391], [3.795056909439154e-05, 0.9989161491394043, 9.572620001563337e-06, 2.431392749713268e-05, 2.3189327293948736e-06, 0.0009899932192638516, 1.9739238268812187e-05], [7.271520644280827e-06, 2.8248655326024164e-07, 1.6122336319313035e-06, 1.254449671250768e-05, 0.9999463558197021, 1.2258235528861405e-06, 3.0649418476969004e-05], [2.499605784578307e-07, 2.3360275008599274e-05, 0.9996366500854492, 1.7112556633946951e-06, 1.5306569594031316e-06, 6.90766512434493e-07, 0.00033580572926439345], [1.7013583146763267e-06, 6.552033937623492e-08, 2.442421873638523e-07, 1.8160832269131788e-06, 0.9999825954437256, 1.1022367374380337e-07, 1.3516896615328733e-05], [4.444702426553704e-05, 0.0001853371359175071, 0.997329592704773, 0.0019285819726064801, 4.883515794062987e-05, 0.00015407452883664519, 0.0003090697864536196], [0.0010767308995127678, 0.9951037168502808, 2.6059384254040197e-05, 0.0001332387182628736, 1.3023163774050772e-05, 0.003631008556112647, 1.6221058103838004e-05], [0.04828060418367386, 0.009019174613058567, 0.0007180789834819734, 0.0016289118211716413, 0.0006875784019939601, 0.1814165711402893, 0.7582491636276245], [0.03155322000384331, 0.005071919411420822, 0.001476813806220889, 0.002056711819022894, 0.011507642455399036, 0.004269636236131191, 0.9440640807151794], [0.0029369413387030363, 0.007795449811965227, 0.00019595457706600428, 8.014794730115682e-05, 0.00016340732690878212, 0.9862420558929443, 0.0025860248133540154], [8.419169716944452e-06, 0.00010473177098901942, 0.9988164901733398, 0.0004779429000336677, 4.927228656015359e-05, 8.628760042483918e-06, 0.0005345070385374129], [7.958057608448144e-07, 4.0903790932134143e-07, 1.0973394637403544e-05, 0.9999793767929077, 1.161643353952968e-06, 7.053323258787714e-08, 7.221517989819404e-06], [0.0013524284586310387, 0.0021228063851594925, 0.979560136795044, 0.002378433709964156, 0.002151138847693801, 0.007575316820293665, 0.004859893582761288], [0.00042480224510654807, 0.0003215488395653665, 0.0014417533529922366, 0.9955421090126038, 0.0019014907302334905, 0.0001794415875338018, 0.0001889347331598401], [4.06571343773976e-05, 8.795418398221955e-05, 0.0007299830322153866, 1.7809721612138674e-05, 1.6801870515337214e-05, 9.224994573742151e-05, 0.9990144968032837], [0.0012300709495320916, 0.9972360730171204, 0.0004305904731154442, 0.00020956405205652118, 6.196851609274745e-05, 0.000685842998791486, 0.00014588452177122235], [1.6958903870545328e-05, 0.9998652935028076, 1.5680085198255256e-05, 9.227503142028581e-06, 1.386865278618643e-06, 8.353891462320462e-05, 7.937758709886111e-06], [0.00018026363977696747, 6.312229743343778e-06, 7.754236321488861e-06, 8.658535807626322e-05, 0.9995669722557068, 5.528680503630312e-06, 0.00014657972496934235], [4.5428459998220205e-05, 5.3886902605881914e-05, 0.0004984139814041555, 0.998446524143219, 0.00017163563461508602, 3.992686833953485e-05, 0.0007442405330948532], [2.6219528081128374e-05, 4.1872957012856205e-07, 2.1370699414546834e-06, 9.99108306132257e-06, 0.9999192953109741, 1.1049144177377457e-06, 4.0767528844298795e-05], [0.0005439830129034817, 2.414843584119808e-05, 1.0601833309920039e-05, 5.4184770306164864e-06, 3.3649015676928684e-05, 4.212837211525766e-06, 0.9993778467178345], [8.705205982550979e-05, 2.064379077637568e-05, 2.5290190023952164e-05, 0.0008380026556551456, 0.9981739521026611, 9.30823171074735e-06, 0.0008456752984784544], [0.9933631420135498, 3.831958383671008e-05, 6.61060112179257e-05, 0.00017320741608273238, 0.004231514874845743, 0.00015834433725103736, 0.0019693560898303986], [9.438111010240391e-05, 0.00018119366723112762, 0.9977868795394897, 0.0016959585482254624, 0.00011703239579219371, 6.518538430100307e-05, 5.930076076765545e-05], [0.0011656353017315269, 0.004420083947479725, 3.507418659864925e-05, 0.0002200399321736768, 