{"true_labels": [3, 5, 2, 0, 6, 1, 3, 1, 2, 3, 0, 2, 4, 3, 4, 2, 6, 0, 2, 2, 5, 1, 1, 6, 1, 4, 2, 1, 2, 4, 3, 3, 6, 1, 4, 6, 0, 3, 2, 6, 0, 0, 6, 1, 4, 0, 2, 3, 3, 6, 6, 6, 1, 4, 2, 3, 2, 2, 6, 0, 4, 4, 2, 2, 2, 0, 6, 6, 6, 4, 4, 1, 4, 6, 6, 4, 6, 2, 0, 6, 1, 2, 6, 5, 2, 2, 6, 1, 6, 3, 2, 6, 0, 1, 2, 1, 1, 6, 2, 3, 6, 4, 5, 6, 1, 1, 4, 4, 4, 3, 3], "pred_scores": [[3.1292836411012104e-06, 1.247711196583623e-07, 4.6129230213409755e-06, 0.9999904632568359, 1.5697345361331827e-06, 3.599720743707735e-09, 6.747175973487174e-08], [5.3078805649420246e-05, 6.0304861108306795e-05, 7.10904805600876e-06, 3.291872644695104e-06, 3.7246031752147246e-06, 0.9995823502540588, 0.00029014956089667976], [1.4290985745901708e-05, 0.00018164186622016132, 0.999045193195343, 2.1000840206397697e-05, 2.6716525098890997e-05, 1.0408491107227746e-05, 0.000700724427588284], [0.9998371601104736, 2.7210586267756298e-05, 5.437759227788774e-06, 2.6248319045407698e-05, 9.497793143964373e-06, 8.472443369100802e-06, 8.590133802499622e-05], [0.0039739166386425495, 0.0004627714224625379, 0.007597485091537237, 0.0006602676003240049, 0.0013869856484234333, 0.0014600517461076379, 0.9844585657119751], [0.00014203725731931627, 0.9877574443817139, 0.0001145950736827217, 6.06407702434808e-05, 1.1410765182517935e-05, 0.00047576744691468775, 0.011438217014074326], [0.016096295788884163, 0.00015679468924645334, 0.0017566578462719917, 0.9724413752555847, 0.003342684358358383, 0.003700864501297474, 0.002505337819457054], [2.127923153238953e-07, 0.9999209642410278, 4.935782271786593e-07, 2.3617592148639233e-07, 1.1476508632313198e-08, 7.999998956620402e-07, 7.724534953013062e-05], [0.0006691862363368273, 0.028037432581186295, 0.9540356993675232, 0.005410722456872463, 0.0006307215080596507, 0.002021905966103077, 0.009194240905344486], [1.9603507098509e-05, 9.855870786168452e-08, 1.8003402146860026e-05, 0.9999587535858154, 3.182595946782385e-06, 3.7350631032495585e-08, 2.7979413630419003e-07], [0.9992747902870178, 3.819284756900743e-06, 6.492152351711411e-06, 1.2384589354041964e-05, 3.179202030878514e-05, 2.3373295334749855e-05, 0.0006473851390182972], [5.071214400231838e-05, 0.00023249963123816997, 0.9972847700119019, 7.059220661176369e-05, 4.862488822254818e-06, 1.5585403161821887e-05, 0.002341003157198429], [1.8369759047232037e-08, 5.6266753409306425e-12, 1.179436687204216e-10, 4.516099938456364e-09, 0.9999991655349731, 1.0766915137239153e-09, 8.269996101262223e-07], [7.236440978886094e-06, 6.22599181951955e-05, 3.8263326132437214e-05, 0.997348427772522, 0.0025342763401567936, 3.2040757105278317e-06, 6.322706667560851e-06], [2.8816943498100045e-08, 6.991940360023818e-11, 4.981481893651107e-10, 2.6969123823050722e-08, 0.999992847442627, 2.2161052992686336e-09, 7.118664598237956e-06], [9.576640877639875e-05, 0.0003891210362780839, 0.9923812747001648, 0.0003166302340105176, 3.309345993329771e-05, 1.9821140085696243e-05, 0.006764354649931192], [9.629424312151968e-06, 3.1575909815728664e-06, 1.6772205526649486e-06, 9.558747251503519e-07, 0.002184565644711256, 4.692486982094124e-06, 0.9977953433990479], [0.9877699613571167, 0.0005360618233680725, 0.001184530439786613, 0.00029635088867507875, 0.00012908331700600684, 0.0003948156372644007, 0.00968924444168806], [1.0751497939054389e-05, 1.3817617400491145e-05, 0.9991720914840698, 2.724917976593133e-05, 7.17665025149472e-05, 7.1776726144889835e-06, 0.000697110197506845], [2.686474545043893e-06, 2.0145984080954804e-07, 0.9999592304229736, 1.0286325050401501e-05, 1.856289941315481e-06, 1.006687512017379e-06, 2.4768880393821746e-05], [0.0008978699333965778, 2.924507498391904e-05, 0.0003253186005167663, 2.582641718618106e-05, 2.1846328309038654e-05, 0.9981734752655029, 0.0005263735656626523], [4.415010607772274e-06, 0.9985326528549194, 3.30990988004487e-05, 7.942215233924799e-06, 6.237243610485166e-07, 0.00024526810739189386, 0.00117602595128119], [1.0856812338033706e-07, 0.9999492168426514, 6.21231038167025e-06, 2.5705060124892043e-06, 7.377553856713348e-08, 2.2820264348411e-05, 1.9021528714802116e-05], [0.14966388046741486, 0.0005420123343355954, 0.004051488824188709, 0.0002782688243314624, 0.0004548329161480069, 0.0006516522844322026, 0.8443578481674194], [1.7747188962857763e-07, 0.9998236298561096, 1.4174055422699894e-06, 2.274139205837855e-06, 4.28370192651073e-08, 5.472859811561648e-06, 0.00016698491526767612], [6.109588213121242e-08, 1.938289244662883e-07, 1.8346139540881268e-07, 0.0026586721651256084, 0.99732506275177, 2.389042386141682e-08, 1.569451706018299e-05], [5.4928339523030445e-05, 0.0002463532437104732, 0.9951608777046204, 7.55617002141662e-05, 1.8569466192275286e-05, 5.092540959594771e-05, 0.004392699804157019], [3.9225156797328964e-05, 0.9996618032455444, 2.9442431696224958e-05, 4.852898564422503e-05, 2.2093745428719558e-06, 7.771663513267413e-05, 0.00014110053598415107], [7.205069891824678e-07, 9.23641346162185e-06, 0.9999626874923706, 7.18861144832772e-07, 4.510116582423507e-07, 2.472806102105096e-07, 2.5839717636699788e-05], [5.477445608192966e-09, 9.353170148107548e-12, 8.125589784357956e-11, 8.657494277031219e-09, 0.9999998807907104, 1.2178528185913251e-09, 1.4853239349577052e-07], [9.856748874881305e-07, 3.9365119164358475e-08, 6.074884731788188e-05, 0.9999301433563232, 7.624304544151528e-06, 7.285847658522471e-08, 3.2526222071282973e-07], [8.612812962383032e-06, 7.710701197538583e-07, 0.00011998369154753163, 0.9998413324356079, 2.8803691748180427e-05, 3.950015781128968e-08, 4.226356793424202e-07], [3.206566543667577e-05, 4.745650221593678e-05, 0.00036574393743649125, 3.6396277209860273e-06, 1.2515070920926519e-05, 0.000889010087121278, 0.9986496567726135], [1.224561003709823e-07, 0.9995469450950623, 1.0887629287026357e-05, 7.581912768728216e-07, 8.721548994117256e-08, 1.2302170944167301e-05, 0.00042897724779322743], [6.947682607005845e-08, 1.4987143970301986e-07, 1.4128360703580256e-07, 0.00023981810954865068, 0.9997488856315613, 2.1584543929975553e-08, 1.0787251085275784e-05], [0.007462325040251017, 0.00048491984489373863, 0.0018981792964041233, 5.666756987920962e-05, 0.0012996187433600426, 2.4873063011909835e-05, 0.9887734055519104], [0.5214585065841675, 0.0004528554854914546, 9.686383418738842e-05, 0.0011372327571734786, 0.47330576181411743, 0.000188188481843099, 0.0033605799544602633], [1.1380501518942765e-06, 9.537359346722951e-08, 2.6285933927283622e-06, 0.9999927282333374, 3.377202801857493e-06, 5.2813731166168054e-09, 3.076934618206906e-08], [1.5450234513991745e-07, 1.1717124834831338e-06, 0.9999878406524658, 3.4242116271343548e-06, 3.515422690725245e-07, 4.886807403181592e-08, 7.083353921188973e-06], [0.008054453879594803, 0.4004039168357849, 0.005184517707675695, 0.0007864373619668186, 0.0006238228525035083, 0.0019395126728340983, 0.583007276058197], [0.9897051453590393, 0.0001344547636108473, 6.017508712830022e-05, 9.477520507061854e-05, 8.243720367318019e-05, 6.480166484834626e-05, 0.009858239442110062], [0.9995562434196472, 7.062542977109842e-07, 1.6888725440367125e-05, 3.6949240893591195e-05, 0.00025552225997671485, 4.162333789281547e-05, 9.208483243128285e-05], [0.004932248033583164, 2.0846760889980942e-05, 0.001013660104945302, 0.00015947094652801752, 0.002339552156627178, 0.11944784224033356, 0.8720864057540894], [0.01252735685557127, 0.8927104473114014, 0.01038573682308197, 0.0029463586397469044, 0.00023026674170978367, 0.021645905449986458, 0.05955400690436363], [2.456367553804739e-09, 1.6291603482931905e-11, 2.23464180493238e-09, 1.1943963595939522e-09, 0.999998927116394, 1.1268163069289017e-09, 1.036126946019067e-06], [0.9029803276062012, 0.0003550183027982712, 0.0036944858729839325, 8.245268691098318e-05, 0.003258104668930173, 0.06413880735635757, 0.025490766391158104], [6.890065264997247e-07, 2.7143357783643296e-06, 0.9999455213546753, 7.211631782411132e-06, 1.8862555180021445e-06, 9.31631120693055e-07, 4.095397162018344e-05], [2.6657224225346e-05, 6.573438895429717e-07, 2.2068526959628798e-05, 0.9999420642852783, 